Cluster #,10 Edges 20 Clusters 931 Topics: ,20 Edges 20 Clusters 649 Topics: ,30 Edges 20 Clusters 472 Topics: ,40 Edges 20 Clusters 350 Topics: ,50 Edges 20 Clusters 278 Topics: ,60 Edges 20 Clusters 221 Topics: ,70 Edges 20 Clusters 177 Topics: ,80 Edges 20 Clusters 134 Topics: ,90 Edges 20 Clusters 84 Topics: 
1,"['Mineral Resources', 'Unitization']","['Expert Witnesses', 'Brokers', 'Witnesses', 'Actions and Defenses']","['Confidentiality', 'Trials', 'Cause of Action', 'Marijuana', 'Stocks', 'Industrial and Intellectual Property', 'Indian Law', 'Desegregation', 'Divorce', 'Foreign Affairs', 'Physicians', 'Land Use', 'Commercial Speech', 'Clergy', 'Interest', 'Conservation', 'Credit', 'Public Schools', 'Taxation-Federal Income', 'Constitutional Amendment', 'International Finance', 'Age', 'Employment', 'Developing Countries', 'Rent', 'Risk Management', 'Money', 'Gaming', 'Deregulation', 'War and Peace', 'Transportation', 'Punishment', 'Internet', 'Banking and Finance', 'Personal Injury', 'Plaintiffs', 'Separation of Powers', 'Legal Research', 'Unions', 'Marketing', 'Charities', 'Right of Privacy', 'European Union', 'Sports', 'Admiralty Law', 'Professional Ethics', 'Revolution', 'Causation', 'Practice and Procedure', 'Partnerships', 'Land Use Planning', 'Minors', 'Sexuality and the Law', 'Biography', 'Settlements', 'Records', 'Commercial Arbitration', 'Transgender', 'Police', 'International Trade', 'Housing', 'Creditors', 'Subsidies', 'Inheritance', 'Legal History', 'Banking', 'Trademarks', 'Medicaid', 'Family Law', 'International Law', 'Boundaries', 'Self-Determination', 'Health Care Providers', 'Estates', 'Administrative Law', 'Human Rights', 'Law Students', 'Transportation Law', 'Advertising', 'Law Reform', 'Sex Crimes', 'Federal Courts', 'Arbitration', 'Housing Law', 'Securities Law', 'Military', 'Vicarious Liability', 'Loans', 'Elections', 'Legal Profession', 'Sodomy', 'Financial Law', 'Military Law', 'South Africa', 'Injunctions', 'Constitutional Law', 'Neutrality', 'Administrative Agencies', 'Corporations', 'Health Insurance', 'Prisoners', 'Maintenance', 'Victims', 'Health Law and Policy', 'Remedies', 'Theft', 'Civil War', 'Good Faith', 'Statute of Limitations', 'Education', 'Electricity', 'Jury', 'Campaign Finance', 'Consumer Protection', 'Statutory Construction', 'Slavery', 'Supreme Court of the United States', 'Education Law', 'Agency', 'Insurance', 'Health Law', 'Politics', 'Students', 'Futures', 'Bonds', 'Financial Services', 'Real Estate', 'Commercial Law', 'Defendants', 'and Mineral Law', 'Environmental Policy', 'Philosophy', 'Women', 'Social Security', 'Religious Freedom', 'Elder Law', 'Immigration Law', 'Due Process', 'Civil Law', 'Second Amendment', 'Violence', 'Climate Change', 'Consumer Protection Law', 'Social Welfare', 'Federalism', 'Costs', 'Harassment', 'Mandates', 'Accounting', 'Discipline', 'Law and Economics', 'Law and Society', 'Hospitals', 'Statutes', 'Product Liability', 'Ethics', 'Gay Men and Lesbians', 'Pollution', 'Globalization', 'Athletes', 'Banking Law', 'Nonprofit Organizations', 'Social Justice', 'International Arbitration', 'Appeals', 'Intellectual Property Law', 'Rape', 'Sales', 'Literature', 'Freedom of Speech', 'State and Local Government Law', 'Sexual Orientation', 'Legal Analysis and Writing', 'States', 'Same-Sex Marriage', 'Schools', 'Technology', 'Bioethics', 'Immunity', 'Sanctions', 'Health', 'Blood', 'Fees', 'Segregation', 'Natural Law', 'Comparative and Foreign Law', 'Reproduction', 'Criminal Procedure', 'Documents', 'Prices', 'Disaster Law', 'Sentencing', 'Malpractice', 'International Commercial Arbitration', 'Parents', 'Social Media', 'Securities', 'Music', 'Citizenship', 'Equity', 'Constitutions', 'Legal Writing', 'Race', 'International Relations', 'Jurisdiction', 'Labor Law', 'Incorporation', 'Industry', 'Business Organizations', 'Foreign Investment', 'Gas', 'Disability', 'Takings', 'Notice', 'Insurance Law', 'Copyright', 'Estate Planning', 'Detention', 'Computer Law', 'Separation', 'International Criminal Law', 'Juveniles', 'Taxation-Federal', 'Compensation', 'Takings Clause', 'Intellectual Property', 'Civil Rights', 'Standing', 'Punitive Damages', 'Legal Services', 'Software', 'Pregnancy', 'Democracy', 'First Amendment', 'Private International Law', 'Torts', 'Sex Discrimination', 'Attorneys', 'Oil and Gas', 'Consent', 'Constitutional Rights', 'Privacy', 'Equal Protection', 'Environmental Justice', 'Fraud', 'Humanitarian Law', 'Capital Punishment', 'Wills', 'Common Law', 'Economics', 'Sex', 'Research', 'Bankruptcy Law', 'Statistics', 'Capacity', 'New Deal', 'Minorities', 'Public Officials', 'Domestic Relations', 'Tobacco', 'Proof', 'Information Privacy', 'Wages', 'Legal Ethics', 'Identification', 'Medical Jurisprudence', 'International Courts and Tribunals', 'Liberty', 'United Nations', 'Statutory Interpretation', 'World Trade Organization', 'Taxation', 'Communications Law', 'Israel', 'Telecommunications', 'Gender', 'Zoning', 'Diplomacy', 'Safe Harbor', 'Arts', 'Debt', 'Law of the Sea', 'Cartels', 'Aids', 'Public Law', 'Civil Procedure', 'Restitution', 'Sovereign Immunity', 'Customary Law', 'Crimes', 'Sexual Harassment', 'War', 'Judicial Review', 'Colleges and Universities', 'Environment', 'Jurisprudence', 'Fourteenth Amendment', 'Disability Law', 'Third Parties', 'Public Employees', 'Defenses', 'Strikes', 'Foreclosure', 'Covenants', 'Taxation-State and Local', 'Criminal Law', 'Treaties', 'Commitment', 'Teachers', 'Judiciary', 'Eminent Domain', 'Courts', 'Liability', 'Terrorism', 'Psychiatry and Psychology', 'Torture', 'Property', 'Legislation', 'Prescription', 'Aliens', 'Dispute Resolution', 'Employees', 'Persons', 'Organizations', 'Utilities', 'Race and Ethnicity', 'Tax Policy', 'Abortion', 'Public Health', 'Damages', 'Judgments', 'Government', 'Death', 'Public Policy', 'President/Executive Department', 'Tort Reform', 'Testimony', 'Food and Drug Law', 'Regulation', 'Trusts', 'Endangered Species', 'Agriculture Law', 'Mergers', 'Choice of Law', 'Religion', 'Agriculture', 'Antitrust', 'Contracts', 'Economic Development', 'Gas and Mineral', 'Oil', 'Environmental Protection', 'Organ Donation', 'Titles', 'Science and Technology', 'Voting', 'Immigrants', 'Precedents', 'Procedure', 'Products Liability Law', 'Employment Practice', 'Domestic Violence', 'Property Law', 'Natural Resources Law', 'Class Actions', 'Ownership', 'Insider Trading', 'Children', 'Evidence', 'General', 'Labor', 'Law Enforcement', 'Adoption', 'Medical Malpractice', 'Discrimination', 'Social Welfare Law', 'Trade Regulation', 'Environmental Law', 'Estates and Trusts', 'Fourth Amendment', 'Affirmative Action', 'Nuisance', 'Informed Consent', 'Drugs', 'State Action', 'Rico', 'Criminal Law and Procedure', 'Data Protection', 'Negligence', 'Secured Transactions', 'Employment Discrimination', 'Administration Law', 'Obligations', 'Managed Care', 'Patients', 'Investment', 'Sovereignty', 'Retirement', 'Refugees', 'Soft Law', 'Genetics', 'E-Commerce', 'Commerce', 'Medicare', 'History', 'Human Rights Law', 'Food and Drug', 'National Security', 'Natural Resources', 'Conflict of Laws', 'Commerce Clause', 'Fair Housing', 'Law Enforcement and Corrections', 'Marriage', 'Sentencing and Punishment', 'Legal Education', 'Discovery', 'Constitutional Courts', 'Judges', 'Local Government', 'Economic Policy', 'Mistake', 'Sexuality', 'Rule of Law', 'Possession', 'Bankruptcy', 'Animals', 'Renewable Energy', 'Privatization', 'Water', 'Feminism', 'Comparative Law', 'Murder', 'Lobbying', 'Firearms', 'Public Finance', 'Congress', 'Misconduct', 'Licensing']","['Sex Crimes', 'Sentencing and Punishment']","['Trials', 'Indian Law', 'Physicians', 'Land Use', 'Interest', 'Credit', 'Taxation-Federal Income', 'Age', 'Employment', 'Developing Countries', 'Money', 'Deregulation', 'War and Peace', 'Punishment', 'Internet', 'Plaintiffs', 'Separation of Powers', 'Legal Research', 'Unions', 'European Union', 'Sports', 'Professional Ethics', 'Revolution', 'Practice and Procedure', 'Partnerships', 'Land Use Planning', 'Sexuality and the Law', 'Biography', 'Settlements', 'Police', 'International Trade', 'Housing', 'Subsidies', 'Legal History', 'Banking', 'Trademarks', 'Family Law', 'International Law', 'Boundaries', 'Estates', 'Administrative Law', 'Human Rights', 'Advertising', 'Law Reform', 'Federal Courts', 'Arbitration', 'Housing Law', 'Military', 'Elections', 'Legal Profession', 'Military Law', 'South Africa', 'Constitutional Law', 'Neutrality', 'Corporations', 'Health Insurance', 'Victims', 'Health Law and Policy', 'Remedies', 'Education', 'Jury', 'Supreme Court of the United States', 'Agency', 'Insurance', 'Health Law', 'Politics', 'Students', 'Real Estate', 'Commercial Law', 'Defendants', 'Philosophy', 'Women', 'Immigration Law', 'Due Process', 'Violence', 'Climate Change', 'Consumer Protection Law', 'Federalism', 'Costs', 'Accounting', 'Discipline', 'Law and Economics', 'Law and Society', 'Statutes', 'Ethics', 'Globalization', 'Nonprofit Organizations', 'Social Justice', 'Appeals', 'Intellectual Property Law', 'Sales', 'Literature', 'State and Local Government Law', 'Sexual Orientation', 'Legal Analysis and Writing', 'States', 'Same-Sex Marriage', 'Schools', 'Technology', 'Immunity', 'Health', 'Fees', 'Comparative and Foreign Law', 'Reproduction', 'Criminal Procedure', 'Sentencing', 'Malpractice', 'Parents', 'Securities', 'Citizenship', 'Equity', 'Constitutions', 'Race', 'Jurisdiction', 'Labor Law', 'Industry', 'Business Organizations', 'Foreign Investment', 'Takings', 'Notice', 'Insurance Law', 'Copyright', 'Computer Law', 'Separation', 'International Criminal Law', 'Juveniles', 'Taxation-Federal', 'Compensation', 'Intellectual Property', 'Civil Rights', 'Standing', 'Democracy', 'First Amendment', 'Torts', 'Attorneys', 'Consent', 'Constitutional Rights', 'Privacy', 'Equal Protection', 'Fraud', 'Common Law', 'Economics', 'Sex', 'Research', 'Bankruptcy Law', 'Capacity', 'Domestic Relations', 'Proof', 'Information Privacy', 'Identification', 'Medical Jurisprudence', 'Liberty', 'Statutory Interpretation', 'World Trade Organization', 'Taxation', 'Communications Law', 'Gender', 'Arts', 'Debt', 'Public Law', 'Civil Procedure', 'Crimes', 'War', 'Judicial Review', 'Environment', 'Jurisprudence', 'Fourteenth Amendment', 'Taxation-State and Local', 'Criminal Law', 'Treaties', 'Commitment', 'Judiciary', 'Courts', 'Liability', 'Terrorism', 'Psychiatry and Psychology', 'Property', 'Legislation', 'Aliens', 'Dispute Resolution', 'Employees', 'Persons', 'Organizations', 'Race and Ethnicity', 'Tax Policy', 'Abortion', 'Public Health', 'Damages', 'Judgments', 'Government', 'Death', 'Public Policy', 'President/Executive Department', 'Food and Drug Law', 'Regulation', 'Agriculture Law', 'Religion', 'Agriculture', 'Antitrust', 'Contracts', 'Economic Development', 'Gas and Mineral', 'Oil', 'Environmental Protection', 'Science and Technology', 'Voting', 'Immigrants', 'Procedure', 'Employment Practice', 'Property Law', 'Natural Resources Law', 'Class Actions', 'Ownership', 'Children', 'Evidence', 'General', 'Labor', 'Law Enforcement', 'Adoption', 'Medical Malpractice', 'Discrimination', 'Social Welfare Law', 'Trade Regulation', 'Environmental Law', 'Fourth Amendment', 'Affirmative Action', 'Drugs', 'State Action', 'Criminal Law and Procedure', 'Data Protection', 'Negligence', 'Employment Discrimination', 'Administration Law', 'Obligations', 'Investment', 'Sovereignty', 'Retirement', 'Commerce', 'History', 'Human Rights Law', 'National Security', 'Conflict of Laws', 'Commerce Clause', 'Law Enforcement and Corrections', 'Marriage', 'Legal Education', 'Judges', 'Rule of Law', 'Bankruptcy', 'Privatization', 'Water', 'Feminism', 'Comparative Law', 'Congress', 'Licensing']","['Indian Law', 'Land Use', 'Interest', 'Credit', 'Taxation-Federal Income', 'Age', 'Employment', 'Money', 'War and Peace', 'Punishment', 'Internet', 'Plaintiffs', 'European Union', 'Sports', 'Professional Ethics', 'Revolution', 'Practice and Procedure', 'Partnerships', 'Land Use Planning', 'Sexuality and the Law', 'Biography', 'Settlements', 'Police', 'International Trade', 'Housing', 'Legal History', 'Banking', 'International Law', 'Boundaries', 'Administrative Law', 'Human Rights', 'Law Reform', 'Federal Courts', 'Arbitration', 'Housing Law', 'Military', 'Legal Profession', 'Military Law', 'Constitutional Law', 'Corporations', 'Victims', 'Health Law and Policy', 'Remedies', 'Education', 'Jury', 'Supreme Court of the United States', 'Agency', 'Insurance', 'Health Law', 'Politics', 'Students', 'Commercial Law', 'Women', 'Immigration Law', 'Due Process', 'Violence', 'Climate Change', 'Consumer Protection Law', 'Federalism', 'Costs', 'Accounting', 'Law and Economics', 'Law and Society', 'Statutes', 'Ethics', 'Intellectual Property Law', 'Sales', 'Literature', 'State and Local Government Law', 'Sexual Orientation', 'Legal Analysis and Writing', 'States', 'Same-Sex Marriage', 'Schools', 'Technology', 'Immunity', 'Health', 'Reproduction', 'Sentencing', 'Malpractice', 'Parents', 'Securities', 'Citizenship', 'Equity', 'Race', 'Jurisdiction', 'Labor Law', 'Industry', 'Business Organizations', 'Takings', 'Insurance Law', 'Copyright', 'Computer Law', 'Separation', 'Juveniles', 'Taxation-Federal', 'Compensation', 'Intellectual Property', 'Civil Rights', 'Standing', 'Democracy', 'First Amendment', 'Torts', 'Attorneys', 'Consent', 'Privacy', 'Equal Protection', 'Fraud', 'Common Law', 'Economics', 'Sex', 'Research', 'Bankruptcy Law', 'Capacity', 'Domestic Relations', 'Proof', 'Information Privacy', 'Medical Jurisprudence', 'Liberty', 'World Trade Organization', 'Taxation', 'Communications Law', 'Gender', 'Civil Procedure', 'Crimes', 'War', 'Judicial Review', 'Environment', 'Jurisprudence', 'Fourteenth Amendment', 'Criminal Law', 'Treaties', 'Judiciary', 'Courts', 'Liability', 'Terrorism', 'Psychiatry and Psychology', 'Property', 'Legislation', 'Dispute Resolution', 'Persons', 'Organizations', 'Race and Ethnicity', 'Tax Policy', 'Abortion', 'Public Health', 'Damages', 'Government', 'Death', 'Public Policy', 'President/Executive Department', 'Food and Drug Law', 'Regulation', 'Agriculture Law', 'Religion', 'Antitrust', 'Contracts', 'Economic Development', 'Oil', 'Science and Technology', 'Voting', 'Procedure', 'Employment Practice', 'Property Law', 'Natural Resources Law', 'Class Actions', 'Ownership', 'Children', 'Evidence', 'General', 'Labor', 'Law Enforcement', 'Adoption', 'Discrimination', 'Social Welfare Law', 'Trade Regulation', 'Environmental Law', 'State Action', 'Criminal Law and Procedure', 'Employment Discrimination', 'Administration Law', 'Obligations', 'Investment', 'Sovereignty', 'Commerce', 'History', 'Human Rights Law', 'National Security', 'Conflict of Laws', 'Law Enforcement and Corrections', 'Marriage', 'Legal Education', 'Judges', 'Rule of Law', 'Bankruptcy', 'Water', 'Comparative Law', 'Congress', 'Licensing']","['Indian Law', 'Land Use', 'Interest', 'Credit', 'Taxation-Federal Income', 'Age', 'Employment', 'Money', 'War and Peace', 'Internet', 'Professional Ethics', 'Revolution', 'Practice and Procedure', 'Sexuality and the Law', 'Biography', 'Police', 'International Trade', 'Legal History', 'Banking', 'International Law', 'Administrative Law', 'Human Rights', 'Arbitration', 'Housing Law', 'Military', 'Legal Profession', 'Constitutional Law', 'Corporations', 'Remedies', 'Education', 'Supreme Court of the United States', 'Agency', 'Insurance', 'Health Law', 'Politics', 'Students', 'Commercial Law', 'Women', 'Immigration Law', 'Due Process', 'Consumer Protection Law', 'Federalism', 'Costs', 'Law and Economics', 'Law and Society', 'Statutes', 'Ethics', 'Intellectual Property Law', 'State and Local Government Law', 'Legal Analysis and Writing', 'States', 'Schools', 'Technology', 'Immunity', 'Health', 'Reproduction', 'Securities', 'Citizenship', 'Equity', 'Race', 'Jurisdiction', 'Labor Law', 'Industry', 'Business Organizations', 'Insurance Law', 'Copyright', 'Computer Law', 'Juveniles', 'Taxation-Federal', 'Compensation', 'Intellectual Property', 'Civil Rights', 'Standing', 'Democracy', 'First Amendment', 'Torts', 'Attorneys', 'Consent', 'Privacy', 'Equal Protection', 'Fraud', 'Common Law', 'Economics', 'Sex', 'Research', 'Bankruptcy Law', 'Domestic Relations', 'Information Privacy', 'Medical Jurisprudence', 'Liberty', 'Taxation', 'Communications Law', 'Gender', 'War', 'Judicial Review', 'Environment', 'Jurisprudence', 'Fourteenth Amendment', 'Criminal Law', 'Courts', 'Liability', 'Psychiatry and Psychology', 'Property', 'Legislation', 'Dispute Resolution', 'Organizations', 'Race and Ethnicity', 'Tax Policy', 'Damages', 'Government', 'Death', 'Public Policy', 'President/Executive Department', 'Food and Drug Law', 'Regulation', 'Religion', 'Antitrust', 'Contracts', 'Science and Technology', 'Voting', 'Procedure', 'Employment Practice', 'Children', 'Evidence', 'General', 'Labor', 'Law Enforcement', 'Adoption', 'Discrimination', 'Social Welfare Law', 'Trade Regulation', 'Environmental Law', 'Criminal Law and Procedure', 'Administration Law', 'Obligations', 'Investment', 'Sovereignty', 'Commerce', 'History', 'Human Rights Law', 'Law Enforcement and Corrections', 'Marriage', 'Legal Education', 'Judges', 'Rule of Law', 'Bankruptcy', 'Water', 'Comparative Law', 'Congress', 'Licensing']","['Internet', 'Arbitration', 'Due Process', 'Psychiatry and Psychology', 'Children']","['Federalism', 'Trade Regulation']"
2,['Manslaughter'],['Electronic Surveillance'],['Sterilization'],"['Trials', 'Industrial and Intellectual Property', 'Indian Law', 'Divorce', 'Physicians', 'Land Use', 'Interest', 'Conservation', 'Credit', 'Taxation-Federal Income', 'Age', 'Employment', 'Developing Countries', 'Money', 'Gaming', 'Deregulation', 'War and Peace', 'Transportation', 'Punishment', 'Internet', 'Banking and Finance', 'Personal Injury', 'Plaintiffs', 'Separation of Powers', 'Legal Research', 'Unions', 'Marketing', 'European Union', 'Sports', 'Professional Ethics', 'Revolution', 'Causation', 'Practice and Procedure', 'Partnerships', 'Land Use Planning', 'Minors', 'Sexuality and the Law', 'Biography', 'Settlements', 'Police', 'International Trade', 'Housing', 'Subsidies', 'Legal History', 'Banking', 'Trademarks', 'Family Law', 'International Law', 'Boundaries', 'Estates', 'Administrative Law', 'Human Rights', 'Advertising', 'Law Reform', 'Federal Courts', 'Arbitration', 'Housing Law', 'Securities Law', 'Military', 'Elections', 'Legal Profession', 'Military Law', 'South Africa', 'Constitutional Law', 'Neutrality', 'Corporations', 'Health Insurance', 'Prisoners', 'Victims', 'Health Law and Policy', 'Remedies', 'Good Faith', 'Education', 'Electricity', 'Jury', 'Consumer Protection', 'Slavery', 'Supreme Court of the United States', 'Education Law', 'Agency', 'Insurance', 'Health Law', 'Politics', 'Students', 'Futures', 'Bonds', 'Real Estate', 'Commercial Law', 'Defendants', 'Philosophy', 'Women', 'Immigration Law', 'Due Process', 'Civil Law', 'Second Amendment', 'Violence', 'Climate Change', 'Consumer Protection Law', 'Social Welfare', 'Federalism', 'Costs', 'Harassment', 'Accounting', 'Discipline', 'Law and Economics', 'Law and Society', 'Statutes', 'Ethics', 'Gay Men and Lesbians', 'Pollution', 'Globalization', 'Nonprofit Organizations', 'Social Justice', 'Appeals', 'Intellectual Property Law', 'Rape', 'Sales', 'Literature', 'Freedom of Speech', 'State and Local Government Law', 'Sexual Orientation', 'Legal Analysis and Writing', 'States', 'Same-Sex Marriage', 'Schools', 'Technology', 'Immunity', 'Health', 'Fees', 'Comparative and Foreign Law', 'Reproduction', 'Criminal Procedure', 'Prices', 'Sentencing', 'Malpractice', 'Parents', 'Social Media', 'Securities', 'Music', 'Citizenship', 'Equity', 'Constitutions', 'Legal Writing', 'Race', 'International Relations', 'Jurisdiction', 'Labor Law', 'Industry', 'Business Organizations', 'Foreign Investment', 'Takings', 'Notice', 'Insurance Law', 'Copyright', 'Computer Law', 'Separation', 'International Criminal Law', 'Juveniles', 'Taxation-Federal', 'Compensation', 'Takings Clause', 'Intellectual Property', 'Civil Rights', 'Standing', 'Punitive Damages', 'Legal Services', 'Software', 'Pregnancy', 'Democracy', 'First Amendment', 'Torts', 'Attorneys', 'Oil and Gas', 'Consent', 'Constitutional Rights', 'Privacy', 'Equal Protection', 'Environmental Justice', 'Fraud', 'Common Law', 'Economics', 'Sex', 'Research', 'Bankruptcy Law', 'Statistics', 'Capacity', 'New Deal', 'Minorities', 'Domestic Relations', 'Tobacco', 'Proof', 'Information Privacy', 'Legal Ethics', 'Identification', 'Medical Jurisprudence', 'Liberty', 'United Nations', 'Statutory Interpretation', 'World Trade Organization', 'Taxation', 'Communications Law', 'Telecommunications', 'Gender', 'Zoning', 'Safe Harbor', 'Arts', 'Debt', 'Public Law', 'Civil Procedure', 'Restitution', 'Crimes', 'War', 'Judicial Review', 'Colleges and Universities', 'Environment', 'Jurisprudence', 'Fourteenth Amendment', 'Disability Law', 'Strikes', 'Taxation-State and Local', 'Criminal Law', 'Treaties', 'Commitment', 'Judiciary', 'Courts', 'Liability', 'Terrorism', 'Psychiatry and Psychology', 'Torture', 'Property', 'Legislation', 'Prescription', 'Aliens', 'Dispute Resolution', 'Employees', 'Persons', 'Organizations', 'Race and Ethnicity', 'Tax Policy', 'Abortion', 'Public Health', 'Damages', 'Judgments', 'Government', 'Death', 'Public Policy', 'President/Executive Department', 'Food and Drug Law', 'Regulation', 'Trusts', 'Endangered Species', 'Agriculture Law', 'Mergers', 'Religion', 'Agriculture', 'Antitrust', 'Contracts', 'Economic Development', 'Gas and Mineral', 'Oil', 'Environmental Protection', 'Science and Technology', 'Voting', 'Immigrants', 'Procedure', 'Employment Practice', 'Property Law', 'Natural Resources Law', 'Class Actions', 'Ownership', 'Children', 'Evidence', 'General', 'Labor', 'Law Enforcement', 'Adoption', 'Medical Malpractice', 'Discrimination', 'Social Welfare Law', 'Trade Regulation', 'Environmental Law', 'Fourth Amendment', 'Affirmative Action', 'Nuisance', 'Informed Consent', 'Drugs', 'State Action', 'Rico', 'Criminal Law and Procedure', 'Data Protection', 'Negligence', 'Secured Transactions', 'Employment Discrimination', 'Administration Law', 'Obligations', 'Patients', 'Investment', 'Sovereignty', 'Retirement', 'Genetics', 'Commerce', 'History', 'Human Rights Law', 'National Security', 'Natural Resources', 'Conflict of Laws', 'Commerce Clause', 'Law Enforcement and Corrections', 'Marriage', 'Legal Education', 'Discovery', 'Judges', 'Local Government', 'Rule of Law', 'Bankruptcy', 'Animals', 'Privatization', 'Water', 'Feminism', 'Comparative Law', 'Lobbying', 'Congress', 'Misconduct', 'Licensing']",['Music'],['Negligence'],['Public Health'],['Law and Economics'],['Antitrust']
3,['Scholarships'],['Fundraising'],['Trees'],['Statute of Limitations'],['Natural Resources'],['Elections'],['Takings'],['Damages'],"['Taxation-Federal Income', 'Age', 'Professional Ethics', 'Practice and Procedure', 'International Trade', 'Legal History', 'Banking', 'International Law', 'Legal Profession', 'Constitutional Law', 'Corporations', 'Remedies', 'Education', 'Agency', 'Health Law', 'Politics', 'Women', 'Immigration Law', 'Law and Society', 'Ethics', 'Intellectual Property Law', 'State and Local Government Law', 'States', 'Health', 'Race', 'Jurisdiction', 'Labor Law', 'Civil Rights', 'Democracy', 'First Amendment', 'Torts', 'Privacy', 'Economics', 'Sex', 'Research', 'Domestic Relations', 'Medical Jurisprudence', 'Communications Law', 'Environment', 'Jurisprudence', 'Courts', 'Liability', 'Property', 'Legislation', 'Dispute Resolution', 'Organizations', 'Race and Ethnicity', 'Government', 'Death', 'Regulation', 'Religion', 'Contracts', 'Science and Technology', 'Employment Practice', 'Evidence', 'Labor', 'Criminal Law and Procedure', 'Administration Law', 'History', 'Judges', 'Comparative Law']"
4,"['Money Laundering', 'International Agencies']",['Disclaimers'],['Wetlands'],['Records'],"['Punitive Damages', 'Discovery']",['Immigrants'],['Judiciary'],"['Credit', 'Money', 'Judicial Review', 'Public Policy', 'Sovereignty']",['Insurance']
5,"[""Patients' Rights""]",['Water Law'],['Trade Secrets'],['Customary Law'],['Consumer Protection'],['Comparative and Foreign Law'],['Accounting'],['Statutes'],['Common Law']
6,['Miscellaneous'],['Liquidation'],['Racial Profiling'],['Inheritance'],['Harassment'],['Appeals'],['Sales'],['Compensation'],['Supreme Court of the United States']
7,['Corporations: Directors'],"['Corporations: Liability', 'Exterritoriality']",['Royalties'],['Choice of Law'],['Education Law'],['Taxation-State and Local'],['Literature'],['Reproduction'],['War']
8,['Kidnapping'],['Governors'],['Sociological Jurisprudence'],['Incorporation'],['Mergers'],['Fees'],['Law Reform'],['Environmental Law'],['Human Rights']
9,['Counterfeiting'],"['European Commission', 'International Court of Justice']","['Biodiversity', 'Biotechnology']",['Statutory Construction'],['Slavery'],['Gas and Mineral'],['Housing'],['Marriage'],['Securities']
10,"['Child Care', 'Tax Relief']",['Fifth Amendment'],['Fair Employment'],['Sovereign Immunity'],['Securities Law'],['Constitutions'],['Agriculture Law'],['Police'],['Industry']
11,['Farmland'],['Espionage'],['Forfeiture'],['Private International Law'],['Industrial and Intellectual Property'],['Deregulation'],['Class Actions'],['Housing Law'],['Consumer Protection Law']
12,"['Municipalities', 'Annexation']","[""Victims' Rights""]",['Asylum'],['Israel'],['Patients'],['Commitment'],['Sexual Orientation'],['Information Privacy'],['Employment']
13,"['Plea Bargaining', 'Right to Counsel']",['Oil and Gas Law'],"['Judicial Discretion', 'Islamic Law']",['Banking Law'],['Causation'],['Retirement'],"['Climate Change', 'Property Law']",['Standing'],['Fourteenth Amendment']
14,['Marine Resources'],['Criminology'],['Publicity'],['Teachers'],['Prescription'],['Family Law'],"['European Union', 'World Trade Organization']",['Administrative Law'],['Intellectual Property']
15,['Medical Devices'],['Emergency Medical Services'],"['Accidents', 'Liability Insurance', 'Law and Ethics', 'Administration of Justice', 'Censorship']",['Renewable Energy'],['Electricity'],['Medical Malpractice'],"['Settlements', 'Malpractice']",['Attorneys'],['Human Rights Law']
16,['Oral Argument'],['Model Penal Code'],['Guardians'],['Segregation'],['Safe Harbor'],['Defendants'],['Ownership'],['Biography'],['Sexuality and the Law']
17,['Graduation'],"['Confidentiality', 'Right to Privacy', 'Trials', 'Cause of Action', 'Marijuana', 'Medical Marijuana', 'Databases', 'Stocks', 'Industrial and Intellectual Property', 'Indian Law', 'Desegregation', 'Divorce', 'Fair Employment', 'Royalties', 'Right to Vote', 'Foreign Affairs', 'Physicians', 'Land Use', 'Commercial Speech', 'Clergy', 'Judicial Process', 'Legal Literature', 'Interest', 'Homosexuality', 'Security Interests', 'Conservation', 'Credit', 'Restorative Justice', 'Accidents', 'Public Schools', 'Taxation-Federal Income', 'Crimes Against Humanity', 'Trade Secrets', 'Constitutional Amendment', 'International Finance', 'Age', 'Employment', 'Developing Countries', 'Rent', 'Family Planning', 'Video Games', 'Risk Management', 'Wetlands', 'Money', 'Gaming', 'Deregulation', 'War and Peace', 'Transportation', 'Laboratories', 'Punishment', 'Political Science', 'Internet', 'Banking and Finance', 'Personal Injury', 'Plaintiffs', 'Tuition', 'Separation of Powers', 'Legal Research', 'Unions', 'Marketing', 'Reciprocity', 'Charities', 'Sociological Jurisprudence', 'Right of Privacy', 'European Union', 'Sports', 'Broadband', 'Admiralty Law', 'Professional Ethics', 'Revolution', 'Police Power', 'Domestic Partnerships', 'Causation', 'Practice and Procedure', 'Partnerships', 'Land Use Planning', 'Minors', 'Sexuality and the Law', 'Biography', 'Settlements', 'Records', 'Commercial Code', 'Commercial Arbitration', 'Transgender', 'Police', 'International Trade', 'Administrative Procedure', 'Housing', 'Legal Systems', 'Creditors', 'Subsidies', 'Small Businesses', 'Duty of Care', 'Inheritance', 'Legal History', 'Banking', 'Trademarks', 'Medicaid', 'Family Law', 'Collective Bargaining', 'International Law', 'Presumptions', 'Criminals', 'Boundaries', 'Self-Determination', 'Health Care Providers', 'Estates', 'Administrative Law', 'Human Rights', 'Child Custody', 'Confessions', 'Law Students', 'Transportation Law', 'Advertising', 'Law Reform', 'Interpretation and Construction', 'Sex Crimes', 'Electronic Commerce', 'Federal Courts', 'Arbitration', 'Housing Law', 'Securities Law', 'Military', 'Vicarious Liability', 'Loans', 'Elections', 'Legal Profession', 'Sodomy', 'Financial Law', 'Military Law', 'South Africa', 'Injunctions', 'Pornography', 'Constitutional Law', 'Guardians', 'Neutrality', 'Administrative Agencies', 'Corporations', 'Health Insurance', 'Prisoners', 'Arrest', 'Maintenance', 'Victims', 'Health Law and Policy', 'Remedies', 'Investigations', 'Liens', 'Right of Publicity', 'Theft', 'Infertility', 'Federal Rules of Civil Procedure', 'Civil War', 'Good Faith', 'Statute of Limitations', 'Redistricting', 'Hate Crimes', 'Probate', 'Education', 'Electricity', 'Jury', 'Research and Development', 'Campaign Finance', 'Consumer Protection', 'Statutory Construction', 'Long-Term Care', 'Slavery', 'Supreme Court of the United States', 'Television', 'Franchising', 'Education Law', 'Agency', 'Insurance', 'Health Law', 'Politics', 'Students', 'Futures', 'Bonds', 'Financial Services', 'Real Estate', 'Commercial Law', 'Copyrights and Trademarks', 'Air and Space Law', 'Court of Justice of the European Union', 'Defendants', 'and Mineral Law', 'Indigenous Peoples', 'Environmental Policy', 'Philosophy', 'Women', 'Social Security', 'Takeovers', 'Liability Insurance', 'Religious Freedom', 'State Agencies', 'Elder Law', 'Immigration Law', 'Due Process', 'Spouses', 'Civil Law', 'Second Amendment', 'Violence', 'Tort Claims', 'Climate Change', 'Consumer Protection Law', 'Social Welfare', 'Federalism', 'Taxation: International', 'Work Environment', 'Costs', 'Suicide', 'Harassment', 'Political Speech', 'Mandates', 'Disasters', 'Accounting', 'Discipline', 'Law and Economics', 'Law and Society', 'Hospitals', 'Statutes', 'Probate Law', 'Product Liability', 'Leases', 'Judicial Discretion', 'Trees', 'Nanotechnology', 'International Economic Law', 'Ethics', 'Gay Men and Lesbians', 'No-Fault', 'Pollution', 'Globalization', 'Athletes', 'National Defense', 'Thirteenth Amendment', 'State', 'Banking Law', 'Genocide', 'Government Contracts', 'Gifts', 'Fiduciaries', 'Nonprofit Organizations', 'Social Justice', 'International Arbitration', 'Appeals', 'Intellectual Property Law', 'Wildlife', 'Radio', 'Bills', 'Rape', 'Whistleblowers', 'Sales', 'Literature', 'Restrictive Covenants', 'Freedom of Speech', 'State and Local Government Law', 'Sexual Orientation', 'Racial Discrimination', 'Legal Analysis and Writing', 'States', 'Maritime Law', 'Same-Sex Marriage', 'Schools', 'Baseball', 'Drones', 'Technology', 'Bioethics', 'Immunity', 'Compensatory Damages', 'Sanctions', 'Legal Malpractice', 'Health', 'Veterans', 'Blood', 'Fees', 'Public Utilities Law', 'Segregation', 'Natural Law', 'Comparative and Foreign Law', 'Reproduction', 'Criminal Procedure', 'Documents', 'Prices', 'Disaster Law', 'Sentencing', 'Real Property', 'Sterilization', 'Malpractice', 'International Commercial Arbitration', 'Parents', 'Social Media', 'Securities', 'Federal Trade Commission', 'Music', 'Citizenship', 'Equity', 'Constitutions', 'Legal Writing', 'Race', 'International Relations', 'Jurisdiction', 'Labor Law', 'Incorporation', 'Law and Ethics', 'Industry', 'Business Organizations', 'Foreign Investment', 'Gas', 'Disability', 'Non-Governmental Organizations (Ngos)', 'Takings', 'Notice', 'Insurance Law', 'Copyright', 'Estate Planning', 'Mental Health', 'Detention', 'Computer Law', 'Separation', 'International Criminal Law', 'Juveniles', 'Taxation-Federal', 'Compensation', 'Takings Clause', 'Tax Incentives', 'Intellectual Property', 'Civil Rights', 'Standing', 'Punitive Damages', 'Inventions', 'Legal Services', 'International Banking', 'Sexual Abuse', 'Software', 'Marital Status', 'Pregnancy', 'Democracy', 'First Amendment', 'Private International Law', 'Torts', 'Air Law and Aviation', 'Standard of Care', 'Sex Discrimination', 'Social Networks', 'Attorneys', 'Oil and Gas', 'Curriculum', 'Consent', 'Constitutional Rights', 'Privacy', 'Equal Protection', 'Environmental Justice', 'Fraud', 'Humanitarian Law', 'Bad Faith', 'Fracking', 'Capital Punishment', 'Wills', 'Wind Energy', 'Common Law', 'Air Pollution', 'Economics', 'Genetic Information', 'Sex', 'Research', 'Bankruptcy Law', 'Statistics', 'Homicide', 'Capacity', 'New Deal', 'Minorities', 'Public Officials', 'Noneconomic Damages', 'Domestic Relations', 'Tobacco', 'Sociology', 'Proof', 'Information Privacy', 'Academic Freedom', 'Surrogate Parenthood', 'Wages', 'Legal Ethics', 'Identification', 'Medical Jurisprudence', 'International Courts and Tribunals', 'Liberty', 'Deportation', 'United Nations', 'Disclosure Laws', 'Mentally Disabled', 'Statutory Interpretation', 'World Trade Organization', 'Philanthropy', 'Taxation', 'Communications Law', 'Israel', 'Telecommunications', 'Gender', 'Zoning', 'The', 'Diplomacy', 'Safe Harbor', 'Arts', 'Debt', 'Law of the Sea', 'Cartels', 'Aids', 'Public Law', 'Reproductive Technology', 'Civil Procedure', 'Restitution', 'Sovereign Immunity', 'Euthanasia', 'Customary Law', 'Defamation', 'Crimes', 'Sexual Harassment', 'War', 'Judicial Review', 'Colleges and Universities', 'Environment', 'Unfair Competition', 'Jurisprudence', 'War Crimes', 'Fourteenth Amendment', 'Fetuses and Embryos', 'Asylum', 'Disability Law', 'Third Parties', 'Scientific Evidence', 'Public Employees', 'Predatory Lending', 'Defenses', 'Paternity', 'Strikes', 'Foreclosure', 'Covenants', 'Culture and Law', 'Business Judgment Rule', 'Taxation-State and Local', 'Criminal Law', 'Treaties', 'Foster Care', 'Biodiversity', 'Commitment', 'Procurement', 'Teachers', 'Medical Care', 'Judiciary', 'Eminent Domain', 'Courts', 'Liability', 'Terrorism', 'Psychiatry and Psychology', 'Torture', 'Property', 'Patents', 'Legislation', 'Prescription', 'Aliens', 'Dispute Resolution', 'Employees', ""Attorneys' Fees"", 'Persons', 'Organizations', 'Utilities', 'Race and Ethnicity', 'Racial Profiling', 'Tax Policy', 'Abortion', 'Public Health', 'Pensions', 'Damages', 'Judgments', 'Government', 'Uniform Commercial Code', 'Death', 'Easements', 'Public Policy', 'President/Executive Department', 'Tort Reform', 'Testimony', 'Food and Drug Law', 'Regulation', 'Trusts', 'Endangered Species', 'Agriculture Law', 'Mergers', 'Choice of Law', 'Rape and Sexual Assault', 'Religion', 'Agriculture', 'Antitrust', 'Contracts', 'Administration of Justice', 'Life Insurance', 'Economic Development', 'Gas and Mineral', 'Oil', 'Environmental Protection', 'Organ Donation', 'Titles', 'Government Liability', 'Redevelopment', 'Science and Technology', 'Voting', 'Immigrants', 'Precedents', 'Procedure', 'Products Liability Law', 'Petroleum', 'Employment Practice', 'Domestic Violence', 'Property Law', 'Natural Resources Law', 'Class Actions', 'Ownership', 'Insider Trading', 'Apologies', 'Children', 'Evidence', 'Islamic Law', 'General', 'Censorship', 'Labor', 'Law Enforcement', 'Public Land', 'Adoption', 'Medical Malpractice', 'International Criminal Court', 'Discrimination', 'Social Welfare Law', 'Forfeiture', 'Animal Welfare', 'Trade Regulation', 'Environmental Law', 'Burden of Proof', 'Offenses Against the Person', 'Estates and Trusts', 'European Court of Human Rights', 'Fourth Amendment', 'Affirmative Action', 'Nuisance', 'Informed Consent', 'Drugs', 'State Action', 'Rico', 'Candidates', 'Criminal Law and Procedure', 'Data Protection', 'Negligence', 'Publicity', 'Secured Transactions', 'Civil Unions', 'Employment Discrimination', 'Administration Law', 'Obligations', 'Managed Care', 'Shield Laws', 'Patients', 'Investment', 'Sovereignty', 'Retirement', 'Refugees', 'Soft Law', 'Genetics', 'Fisheries', 'Breach of Contract', 'E-Commerce', 'Commerce', 'Medicare', 'Public Accommodations', 'History', 'Biotechnology', 'Human Rights Law', 'Food and Drug', 'Libraries', 'National Security', 'Sex Education', 'Natural Resources', 'Conflict of Laws', 'Commerce Clause', 'Fair Housing', 'Law Enforcement and Corrections', 'Marriage', 'Sentencing and Punishment', 'Legal Education', 'Annulment', 'Discovery', 'Debtors and Creditors', 'Constitutional Courts', 'Minimum Wage', 'Judges', 'Local Government', 'Economic Policy', 'Mistake', 'Sexuality', 'Rule of Law', 'Possession', 'Bankruptcy', 'Trespass', 'Animals', 'Renewable Energy', 'Limited Liability Companies', 'Privatization', 'Broadcasting', 'Water', 'Feminism', 'Comparative Law', 'Murder', 'Income Taxation', 'Lobbying', 'Strict Liability', 'Contraception', 'Equal Rights', 'Firearms', 'Public Finance', 'Congress', 'Misconduct', 'Clean Energy', 'Child Support', 'Licensing', 'Names', 'Estoppel']",['Genocide'],"['Cause of Action', 'Sanctions']",['Divorce'],['Debt'],['Boundaries'],['Immunity'],['Business Organizations']
18,['Cell Phones'],['Capital Gains'],"['Commercial Code', 'Presumptions', 'Paternity', 'Uniform Commercial Code']","['Confidentiality', 'Health Care Providers', 'Hospitals']",['Marketing'],['Trials'],['Natural Resources Law'],"['War and Peace', 'Military']","['Interest', 'Gender', 'Discrimination', 'Legal Education']"
19,['Spousal Support'],['Incompetents'],"['Baseball', 'Breach of Contract']","['Medicaid', 'Managed Care', 'Food and Drug']","['Banking and Finance', 'Zoning', 'Local Government']",['Philosophy'],['Punishment'],"['Commercial Law', 'Commerce', 'Bankruptcy']",['Juveniles']
20,"['Family and Medical Leave', 'Confidentiality', 'Right to Privacy', 'Trials', 'Cause of Action', 'Exports and Imports', 'Marijuana', 'Medical Marijuana', 'Databases', 'Stocks', 'Industrial and Intellectual Property', 'Indian Law', 'Eighth Amendment', 'Desegregation', 'Divorce', 'Fair Employment', 'Royalties', 'Carriers', 'Disclaimers', 'Right to Vote', 'Juvenile Courts', 'Foreign Affairs', 'Physicians', 'Land Use', 'Commercial Speech', 'Clergy', 'Judicial Process', 'Legal Literature', 'Interest', 'Homosexuality', 'Security Interests', 'Usury', 'Conservation', 'Credit', 'Restorative Justice', 'Sound Recordings', 'Liquidation', 'Accidents', 'Public Schools', 'Taxation-Federal Income', 'Crimes Against Humanity', 'Trade Secrets', 'Constitutional Amendment', 'International Finance', 'Age', 'Attorneys General', 'Employment', 'Developing Countries', 'Rent', 'Family Planning', 'Video Games', 'Uniform Parentage Act', 'Risk Management', 'Wetlands', 'Marital Rape', 'Money', 'Gaming', 'Greenhouse Gases', 'Deregulation', 'Solar Energy', 'War and Peace', 'Transportation', 'Laboratories', 'Employment-At-Will', 'Punishment', 'Political Science', 'Public Education', 'Governors', 'Internet', 'Banking and Finance', 'Personal Injury', ""Victims' Rights"", 'Price Fixing', 'Plaintiffs', 'Tuition', 'Drug Testing', 'Separation of Powers', 'Legal Research', 'Unions', 'Checkpoints', 'Marketing', 'Exports', 'Reciprocity', 'Charities', 'Sociological Jurisprudence', 'Right of Privacy', 'European Union', 'Sports', 'Military Tribunals', 'Broadband', 'Admiralty Law', 'Alcohol', 'Professional Ethics', 'Revolution', 'Police Power', 'Domestic Partnerships', 'Causation', 'Practice and Procedure', 'Partnerships', 'Land Use Planning', 'Minors', 'Sexuality and the Law', 'Foreign Judgments', 'Public Safety', 'Biography', 'Settlements', 'Fishing', 'Records', 'Privileged Communications', 'Commercial Code', 'Commercial Arbitration', 'Transgender', 'Police', 'International Trade', 'Administrative Procedure', 'Alimony', 'Housing', 'Legal Systems', 'Freedom of Association', 'Creditors', 'Subsidies', 'Small Businesses', 'Duty of Care', 'Inheritance', 'Indemnification', 'Execution', 'Legal History', 'Banking', 'Trademarks', 'Tourism', 'Medicaid', 'Family Law', 'Collective Bargaining', 'International Law', 'Presumptions', 'Criminals', 'Boundaries', 'Insurance Policies', 'Writs', 'Limited Partnerships', 'Self-Determination', 'Health Care Providers', 'Verdicts', 'Estates', 'Administrative Law', 'Human Rights', 'Child Custody', 'Confessions', 'False Claims', 'Law Students', 'Transportation Law', 'Advertising', 'Law Reform', 'Court Rules', 'Drug Abuse', 'Habeas Corpus', 'Interpretation and Construction', 'Capital Market', 'Sex Crimes', 'Electronic Commerce', 'Intercollegiate Athletics', 'Federal Courts', 'Holding Companies', 'Arbitration', 'Housing Law', 'Eleventh Amendment', 'Securities Law', 'Military', 'Vicarious Liability', 'Loans', 'Elections', 'Legal Profession', 'News Reporters', 'Sodomy', 'Financial Law', 'Ballots', 'Military Law', 'Waste Disposal', 'South Africa', 'Coroners', 'Injunctions', 'Pornography', 'World Politics', 'Constitutional Law', 'Guardians', 'Neutrality', 'Administrative Agencies', 'Corporations', 'Health Insurance', 'Prisoners', 'Arrest', 'Corporations: Liability', 'Maintenance', 'Sustainable Development', 'Victims', 'Just Compensation', 'Plagiarism', 'Conflict of Interest', 'Health Law and Policy', 'Remedies', 'Investigations', 'Gambling', 'Electronics', 'Insurance Agents', 'Liens', 'Right of Publicity', 'Theft', 'Infertility', 'Federal Rules of Civil Procedure', 'Civil War', 'Good Faith', 'Jewish Law', 'Statute of Limitations', 'Aviation', 'Redistricting', 'Price Discrimination', 'Asbestos', 'Hate Crimes', 'Probate', 'Education', 'Administrative Law Judges', 'Electricity', 'Urban Renewal', 'Jury', 'Research and Development', 'Protective Orders', 'Unauthorized Practice of Law', 'Affordable Housing', 'Tortfeasors', 'Campaign Finance', 'Legislative History', 'Consumer Protection', 'Statutory Construction', 'Long-Term Care', 'Budgets', 'Professional Sports', 'Slavery', 'Public Contracts', 'Freedom of Information', 'Supreme Court of the United States', 'Television', 'International Loans', 'Franchising', 'Boxing', 'Repatriation', 'Education Law', 'Agency', 'Insurance', 'Health Law', 'Politics', 'Students', 'Email', 'Futures', 'Bonds', 'Practice of Medicine', 'Financial Services', 'Real Estate', 'Commercial Law', 'Copyrights and Trademarks', 'Air and Space Law', 'Civil Disobedience', 'Court of Justice of the European Union', 'Defendants', 'Espionage', 'and Mineral Law', 'Indigenous Peoples', 'Environmental Policy', 'Philosophy', 'Duress', 'Women', 'Social Security', 'Takeovers', 'Liability Insurance', 'Interpreters', 'Religious Freedom', 'State Agencies', 'Consumer Credit', 'Elder Law', 'False Advertising', 'Shelters', 'Community Property', 'Immigration Law', 'Due Process', 'Bail', 'Spouses', 'Civil Law', 'Second Amendment', 'Administrative Courts', 'Violence', 'Ultra Vires', 'Tort Claims', 'Climate Change', 'Consumer Protection Law', 'Social Welfare', 'Appellate Review', 'Federalism', 'Taxation: International', 'Work Environment', 'Obscenity', 'Sex Offenders', 'Costs', 'Nominations', 'Suicide', 'Harassment', 'Hazardous Waste', 'Political Speech', 'Mandates', 'Artificial Insemination', 'Disasters', 'Wrongful Death', 'Accounting', 'Discipline', 'Law and Economics', 'Law and Society', 'Cuba', 'Hospitals', 'Assignments', 'Statutes', 'Probate Law', 'Product Liability', 'Leases', 'Freedom of Movement', 'Privity', 'Judicial Discretion', 'Trees', 'Plastic', 'Nanotechnology', 'International Economic Law', 'Ethics', 'Gay Men and Lesbians', 'Search Warrants', 'No-Fault', 'Pollution', 'Human Experimentation', 'Globalization', 'Property Tax', 'Athletes', 'National Defense', 'Thirteenth Amendment', 'State', 'Banking Law', 'Genocide', 'Emergency Medical Services', 'Government Contracts', 'Right to Free Speech', 'Expert Witnesses and Scientific Evidence', 'Gifts', 'Fiduciaries', 'Nonprofit Organizations', 'Social Justice', 'International Arbitration', 'Reapportionment', 'Data Mining', 'Appeals', 'Birth Control', 'Boycotts', 'Intellectual Property Law', 'Wildlife', 'Radio', 'Bills', 'Rape', 'Whistleblowers', 'Sales', 'Health Services', 'Literature', 'Domicile', 'Handicapped', 'Restrictive Covenants', 'Freedom of Speech', 'State and Local Government Law', 'Sexual Orientation', 'Incompetents', 'Subpoenas', 'Racial Discrimination', 'Legal Analysis and Writing', 'Water Law', 'Emigration and Immigration', 'States', 'Misdemeanors', 'Rivers', 'Maritime Law', 'Same-Sex Marriage', 'Schools', 'Baseball', 'Undocumented Workers', 'Drones', 'Technology', 'Bioethics', 'Partition', 'Immunity', 'Engineers', 'Compensatory Damages', 'Antidilution Laws', 'Indigents', 'Joint and Several Liability', 'Sanctions', 'Diseases', 'Legal Malpractice', 'Health', 'Veterans', 'Gangs', 'Blood', 'Timber', 'Recusal', 'Fees', 'Socialism', 'Jr', 'Public Utilities Law', 'Electronic Surveillance', 'Segregation', 'Merit Selection', 'Natural Law', 'Comparative and Foreign Law', 'Reproduction', 'Freedom of the Press', 'Criminal Procedure', 'Rebates', 'Child Pornography', 'Documents', 'Prices', 'Disaster Law', 'Sentencing', 'Law', 'Real Property', 'Sterilization', 'Labor Relations', 'Multinational Corporations', 'Summary Judgment', 'Malpractice', 'Interest Rates', 'International Commercial Arbitration', 'Criminology', 'Parents', 'Social Media', 'Securities', 'Federal Trade Commission', 'Music', 'Citizenship', 'Statutory Rape', 'Equity', 'Constitutions', 'Legal Writing', 'Race', 'News Media', 'International Relations', 'Jurisdiction', 'Labor Law', 'Incorporation', 'Law and Ethics', 'Industry', 'Deeds', 'Business Organizations', 'Confidential Communications', 'Foreign Investment', 'Gas', 'Bullying', 'Disability', 'Structured Settlements', 'Non-Governmental Organizations (Ngos)', 'Takings', 'Notice', 'Insurance Law', 'Copyright', 'Estate Planning', 'Mental Health', 'Detention', 'Computer Law', 'Separation', 'International Criminal Law', 'Juveniles', 'Passports', 'Insanity', 'Taxation-Federal', 'Compensation', 'Takings Clause', 'Foreign Ownership', 'Homes', 'Tax Incentives', 'Aircraft', 'Intellectual Property', 'Pledges', 'Clemency', 'Constitutional History', 'Fantasy Sports', 'Civil Rights', 'Standing', 'Punitive Damages', 'Inventions', 'Stop and Frisk', 'Legal Services', 'International Banking', 'Sexual Abuse', 'Software', 'Marital Status', 'Pregnancy', 'Interstate Compacts', 'Tenth Amendment', 'Democracy', 'First Amendment', 'Mentally Retarded', 'Private International Law', 'Torts', 'Battered Women', 'Holocaust', 'Admiralty', 'Air Law and Aviation', 'Standard of Care', 'Sex Discrimination', 'Social Networks', 'Attorneys', 'Oil and Gas', 'Computers', 'Curriculum', 'State Legislatures', 'Consent', 'Child Abuse', 'Constitutional Rights', 'Privacy', 'Equal Protection', 'Environmental Justice', 'Fraud', 'Liquor', 'Humanitarian Law', 'Bad Faith', 'Fracking', 'Farmworkers', 'Capital Punishment', 'Wills', 'Wind Energy', 'Common Law', 'Air Pollution', 'Economics', 'Genetic Information', 'Sex', 'Research', 'Bankruptcy Law', 'Statistics', 'Trade Dress', 'Homicide', 'Capacity', 'New Deal', 'Minorities', 'Churches', 'Public Officials', 'Libel', 'Noneconomic Damages', 'Domestic Relations', 'Tobacco', 'Sociology', 'Proof', 'Information Privacy', 'Academic Freedom', 'Model Business Corporation Act', 'Surrogate Parenthood', 'Wages', 'Legal Ethics', 'Identification', 'Medical Jurisprudence', 'International Courts and Tribunals', 'Liberty', 'Deportation', 'Child Labor', 'United Nations', 'Disclosure Laws', 'Mentally Disabled', 'S Corporations', 'Statutory Interpretation', ""Workers' Compensation Law"", 'World Trade Organization', 'Philanthropy', 'Taxation', 'Communications Law', 'Israel', 'Ecology', 'Fines', 'Living Wills', 'Telecommunications', 'Gender', 'Plain Language', 'Golf', 'Mail', 'Zoning', 'The', 'Diplomacy', 'Human Trafficking', 'Safe Harbor', 'Arts', 'Debt', 'Anthropology', 'Law of the Sea', 'Cartels', 'Aids', 'Public Law', 'Reproductive Technology', 'In Vitro Fertilization', 'Civil Procedure', 'High School', ""Victims' Compensation"", 'Restitution', 'Sovereign Immunity', 'Euthanasia', 'Customary Law', 'Computer Crime', 'Appropriations', 'Defamation', 'Crimes', 'Sexual Harassment', 'Predators', 'War', 'Judicial Review', 'Colleges and Universities', 'Environment', 'Unfair Competition', 'Jurisprudence', 'Groundwater', 'Parole', 'War Crimes', 'European Commission', 'Libel and Slander', 'Fourteenth Amendment', 'Self-Incrimination', 'Stem Cell Research', 'Fetuses and Embryos', 'Asylum', 'Disability Law', 'Third Parties', 'Foreign Athletes', 'Military Occupation', 'Fraudulent Conveyances', 'African Union', 'Scientific Evidence', 'Cocaine', 'Public Employees', 'Identity Theft', 'Predatory Lending', 'Medical Records', 'Defenses', 'Traffic Laws', 'Prescription Drugs', 'Paternity', 'Strikes', 'Foreclosure', 'Covenants', 'Culture and Law', 'Business Judgment Rule', 'Taxation-State and Local', 'Criminal Law', 'Common-Law Marriage', 'Privileges and Immunities', 'Professions', 'Restraint of Trade', 'Treaties', 'Foster Care', 'Dams', 'Biodiversity', 'Commitment', 'Procurement', 'Teachers', 'Medical Care', 'Judiciary', 'Unfair Trade Practices', 'Expert Witnesses', 'Eminent Domain', 'Courts', 'Clinical Trials', 'Insurance Companies', 'Aiding and Abetting', 'Liability', 'Contractors', 'Terrorism', 'Cruel and Unusual Punishment', 'Psychiatry and Psychology', 'Assisted Suicide', 'Torture', 'Property', 'Reclamation', 'Patents', 'Legislation', 'Prescription', 'Aliens', 'Aged', 'Dispute Resolution', 'Employees', ""Attorneys' Fees"", 'Accomplices', 'Brokers', 'Persons', 'Organizations', 'Utilities', 'Race and Ethnicity', 'Racial Profiling', 'Tax Policy', 'Abortion', 'Atomic Energy Law', 'Public Health', 'Pensions', 'Damages', 'Judgments', 'Government', 'Uniform Commercial Code', 'Death', 'Residency', 'Easements', 'Public Policy', 'President/Executive Department', 'Tort Reform', 'Right to Education', 'Testimony', 'Food and Drug Law', 'Regulation', 'Trusts', 'Scientific Research', 'Endangered Species', 'Agriculture Law', 'Mergers', 'Oil and Gas Law', 'Choice of Law', 'Rape and Sexual Assault', 'Religion', 'Genetic Testing', 'Agriculture', 'Antitrust', 'Contracts', 'Administration of Justice', 'Eviction', 'Hearsay', 'Life Insurance', 'Exterritoriality', 'Economic Development', 'Gas and Mineral', 'Homelessness', 'Oil', 'Environmental Protection', 'Motor Vehicles', 'Organ Donation', 'Titles', 'Government Liability', 'Dilution Laws', 'Redevelopment', 'Science and Technology', 'Mortgages', 'Cohabitation', 'Voting', 'Immigrants', 'Precedents', 'Penology', 'Forum Non Conveniens', 'Procedure', 'Products Liability Law', 'Petroleum', 'Employment Practice', 'Imprisonment', 'Domestic Violence', 'Lumber', 'Property Law', 'Natural Resources Law', 'Artificial Procreation', 'Weapons', 'Corporate Officers', 'Class Actions', 'Ownership', 'Witnesses', 'Insider Trading', 'Fifth Amendment', 'Benefit Corporations', 'Apologies', 'Children', 'Evidence', 'Islamic Law', 'Felonies', 'General', 'Automobiles', 'Censorship', 'Labor', 'Law Enforcement', 'Full Faith and Credit', 'Deceit', 'Public Land', 'Adoption', 'Medical Malpractice', 'International Criminal Court', 'Discrimination', 'Citizen Suit', 'Social Welfare Law', 'Forfeiture', 'Animal Welfare', 'Trade Regulation', 'Environmental Law', 'Termination of Employment', 'Burden of Proof', 'Offenses Against the Person', 'Pardons', 'Treason', 'Estates and Trusts', 'Vested Rights', 'European Court of Human Rights', 'Fourth Amendment', 'Pleadings', 'Affirmative Action', 'Nuisance', 'Informed Consent', 'Drugs', 'State Action', 'Rico', 'Candidates', 'Court Records', 'Criminal Law and Procedure', 'Self-Defense', 'Data Protection', 'Negligence', 'Publicity', 'Secured Transactions', 'Civil Unions', 'Employment Discrimination', 'Administration Law', 'Power Plants', 'Obligations', 'Managed Care', 'Shield Laws', 'Patients', 'Fundraising', 'Investment', 'Sovereignty', 'Retirement', 'Refugees', 'Soft Law', 'Mixed Legal Systems', 'Genetics', 'Fisheries', 'Breach of Contract', 'E-Commerce', 'Commerce', 'Proxies', 'Medicare', 'Public Accommodations', 'Executive Powers', 'History', 'Biotechnology', 'Human Rights Law', 'Cloning', 'Federal Rules of Evidence', 'Food and Drug', 'Libraries', 'National Security', 'Sex Education', 'Natural Resources', 'Conflict of Laws', 'Commerce Clause', 'Experts', 'Unemployment', 'Fair Housing', 'Law Enforcement and Corrections', 'Marriage', 'Sentencing and Punishment', 'Legal Education', 'Annulment', 'Discovery', 'Debtors and Creditors', 'Constitutional Courts', 'Minimum Wage', 'Judges', 'Local Government', 'Economic Policy', 'International Court of Justice', 'Mistake', 'Best Interests of the Child', 'Sexuality', 'Rule of Law', 'Capital Gains', 'Possession', 'Bankruptcy', 'Legal Positivism', 'Consultants', 'Trespass', 'Animals', 'Renewable Energy', 'Martin Luther King', 'Limited Liability Companies', 'Methodology Of', 'Privatization', 'Gift Taxation', 'Public Housing', 'Broadcasting', 'Actions and Defenses', 'Water', 'Feminism', 'Natural Gas', 'Comparative Law', 'Murder', 'Income Taxation', 'Legal Aid', 'Dividends', 'Lobbying', 'Strict Liability', 'Contraception', 'Equal Rights', 'Firearms', 'Public Finance', 'Model Penal Code', 'Congress', 'Misconduct', 'Clean Energy', 'Child Support', 'Home Rule', 'Licensing', 'Names', 'Estoppel']","['Privileged Communications', 'News Reporters']","['Criminals', 'Infertility', 'Surrogate Parenthood', 'Reproductive Technology', 'Offenses Against the Person']","['Clergy', 'Fair Housing']","['International Relations', 'United Nations']","['Developing Countries', 'South Africa', 'Foreign Investment', 'Environmental Protection']","['Military Law', 'Violence', 'Sentencing', 'Treaties', 'Terrorism', 'National Security']","['Interest', 'Taxation-Federal Income', 'Age', 'Employment', 'Professional Ethics', 'Revolution', 'Practice and Procedure', 'Sexuality and the Law', 'International Trade', 'Legal History', 'Banking', 'International Law', 'Human Rights', 'Legal Profession', 'Constitutional Law', 'Corporations', 'Remedies', 'Education', 'Supreme Court of the United States', 'Agency', 'Insurance', 'Health Law', 'Politics', 'Women', 'Immigration Law', 'Consumer Protection Law', 'Federalism', 'Costs', 'Law and Society', 'Ethics', 'Intellectual Property Law', 'State and Local Government Law', 'Legal Analysis and Writing', 'States', 'Technology', 'Health', 'Securities', 'Equity', 'Race', 'Jurisdiction', 'Labor Law', 'Industry', 'Business Organizations', 'Insurance Law', 'Copyright', 'Juveniles', 'Intellectual Property', 'Civil Rights', 'Democracy', 'First Amendment', 'Torts', 'Privacy', 'Common Law', 'Economics', 'Sex', 'Research', 'Bankruptcy Law', 'Domestic Relations', 'Medical Jurisprudence', 'Liberty', 'Taxation', 'Communications Law', 'Gender', 'War', 'Environment', 'Jurisprudence', 'Fourteenth Amendment', 'Courts', 'Liability', 'Property', 'Legislation', 'Dispute Resolution', 'Organizations', 'Race and Ethnicity', 'Government', 'Death', 'President/Executive Department', 'Food and Drug Law', 'Regulation', 'Religion', 'Antitrust', 'Contracts', 'Science and Technology', 'Procedure', 'Employment Practice', 'Evidence', 'General', 'Labor', 'Law Enforcement', 'Discrimination', 'Social Welfare Law', 'Trade Regulation', 'Criminal Law and Procedure', 'Administration Law', 'Investment', 'History', 'Human Rights Law', 'Law Enforcement and Corrections', 'Legal Education', 'Judges', 'Rule of Law', 'Water', 'Comparative Law', 'Congress']",['Law Enforcement and Corrections']
