,Resident
0,Kenneth S. Abraham
1,Barbara E. Armacost
2,Aditya Bamzai
3,Charles Barzun
4,Michal Barzuza
5,Richard J. Bonnie
6,Josh Bowers
7,Maureen E. Brady
8,Stephen  Braga
9,Darryl K. Brown
10,D. Ruth Buck
11,Jonathan Z. Cannon
12,Albert Choi
13,George M. Cohen
14,Michael G. Collins
15,Kevin Cope
16,Anne M. Coughlin
17,Quinn Curtis
18,Ashley S. Deeks
19,Michael Doran
20,John F. Duffy
21,Deirdre M. Enright
22,Kimberly Kessler Ferzan
23,Joshua Fischman
24,Kim Forde-Mazrui
25,Joe Fore
26,George S. Geis
27,Michael D. Gilbert
28,Jennifer L. Givens
29,Risa L. Goluboff
30,Rachel A. Harmon
31,John C. Harrison
32,Andrew  Hayashi
33,Deborah Hellman
34,Toby J. Heytens
35,A. E. Dick Howard
36,Rich  Hynes
37,Cale Jaffe
38,John C. Jeffries Jr.
39,"Alex M. Johnson, Jr."
40,Jason S. Johnston
41,Leslie Kendrick
42,Edmund W. Kitch
43,Kevin A. Kordana
44,Douglas  Laycock
45,Douglas L. Leslie
46,Michael A. Livermore
47,Julia D. Mahoney
48,Paul G. Mahoney
49,Ruth Mason
50,Dayna Bowen Matthew
51,Molly McShane
52,Gregory Mitchell
53,John T. Monahan
54,John Norton Moore
55,Thomas B. Nachbar
56,Caleb E. Nelson
57,Cynthia L. Nicoletti
58,Dotan Oliar
59,Daniel R. Ortiz
60,Farah Peterson
61,Saikrishna Prakash
62,Margaret Foster Riley
63,Mildred W. Robinson
64,George Rutherglen
65,James E. Ryan
66,A. Sprightley  Ryan
67,Nelson Camilo Sánchez León
68,Frederick Schauer
69,Richard C. Schragger
70,Micah J. Schwartzman
71,John K. Setear
72,Molly Bishop Shadel
73,Crystal Shin
74,Gil Siegal
75,Barbara A. Spellman
76,A. Benjamin Spencer
77,Paul B. Stephan
78,Gregg Strauss
79,Pierre-Hugues Verdier
80,J. H. Verkerke
81,Mila Versteeg
82,Andrew N. Vollmer
83,Steven D. Walt
84,Sarah Stewart Ware
85,G. Edward White
86,Ann Woolhandler
87,Ethan Yale
88,George K. Yin
